minute_idx,PersonenAnzahl,temp,rgb_value
2333,1.0,19.9867743355562,"(190, 211, 245)"
2379,0.0,21.716724848518673,"(244, 155, 124)"
