minute_idx,PersonenAnzahl,temp,rgb_value
951,1.0,21.191940485235726,"(245, 192, 167)"
1010,0.0,19.600353828097,"(164, 194, 254)"
1731,1.0,21.623269623522788,"(246, 163, 132)"
1778,0.0,22.89678541437189,"(187, 26, 43)"
