minute_idx,PersonenAnzahl,temp,rgb_value
1336,1.0,18.893668003027205,"(115, 149, 244)"
1392,0.0,19.676986934807527,"(170, 198, 253)"
1573,1.0,19.284336376746573,"(142, 177, 253)"
1631,0.0,21.464265781673692,"(247, 174, 145)"
1859,1.0,20.730312905036275,"(231, 214, 204)"
1943,0.0,20.009514168885115,"(192, 211, 245)"
2451,1.0,19.14112820099696,"(133, 168, 251)"
2497,0.0,22.766937254648933,"(196, 48, 50)"
