minute_idx,PersonenAnzahl,temp,rgb_value
1066,1.0,20.745095559701205,"(232, 213, 202)"
1114,0.0,19.603055779526233,"(166, 195, 253)"
1281,1.0,21.840018890254562,"(242, 145, 115)"
1353,0.0,20.926213682940496,"(239, 206, 188)"
2043,1.0,21.36424795863349,"(247, 181, 152)"
2083,0.0,18.43082394755663,"(85, 113, 222)"
