minute_idx,PersonenAnzahl,temp,rgb_value
1077,1.0,21.850183151134303,"(241, 144, 114)"
1143,0.0,20.69171185270017,"(230, 215, 207)"
1895,1.0,21.14651874711705,"(244, 194, 170)"
1930,0.0,21.02252852333533,"(242, 201, 181)"
