minute_idx,PersonenAnzahl,temp,rgb_value
71,1.0,19.40149970953559,"(151, 184, 254)"
116,0.0,19.940711424053323,"(188, 209, 246)"
999,1.0,18.0769632884745,"(62, 81, 196)"
1044,0.0,20.227651879039747,"(206, 217, 235)"
