minute_idx,PersonenAnzahl,temp,rgb_value
2102,1.0,19.024996704630816,"(124, 160, 249)"
2304,0.0,22.582442966699958,"(209, 73, 62)"
2716,1.0,21.352659765452128,"(246, 182, 154)"
2823,0.0,20.86876319602912,"(237, 208, 193)"
