minute_idx,PersonenAnzahl,temp,rgb_value
176,1.0,20.695370085352355,"(231, 214, 205)"
286,0.0,22.310619990018438,"(224, 102, 80)"
2196,1.0,19.603030693155386,"(166, 195, 253)"
2281,0.0,22.062067490977213,"(235, 127, 99)"
