minute_idx,PersonenAnzahl,temp,rgb_value
1336,1.0,22.20255007186242,"(229, 112, 87)"
1392,0.0,22.47590832950697,"(215, 84, 68)"
1573,1.0,18.24654950220908,"(72, 96, 209)"
1631,0.0,20.670900388699877,"(229, 216, 208)"
1859,1.0,22.608843583480358,"(207, 70, 61)"
1943,0.0,21.461648587321342,"(247, 174, 145)"
2451,1.0,19.812506471776146,"(179, 204, 250)"
2497,0.0,19.374831558408047,"(149, 183, 254)"
