minute_idx,PersonenAnzahl,temp,rgb_value
951,1.0,21.710056431853126,"(244, 157, 126)"
1010,0.0,19.78900402746465,"(178, 203, 251)"
1731,1.0,22.405772986170312,"(219, 92, 74)"
1778,0.0,18.905837110007372,"(116, 151, 245)"
