minute_idx,PersonenAnzahl,temp,rgb_value
1943,1.0,19.073211105060324,"(127, 162, 250)"
2028,0.0,21.048632985389997,"(242, 199, 178)"
