minute_idx,PersonenAnzahl,temp,rgb_value
1943,1.0,20.380662745762223,"(214, 219, 228)"
2028,0.0,19.183965401531285,"(135, 170, 252)"
