minute_idx,PersonenAnzahl,temp,rgb_value
2102,1.0,20.873354304212132,"(237, 207, 192)"
2304,0.0,21.550153330301168,"(246, 169, 138)"
2716,1.0,18.247722510794446,"(72, 96, 209)"
2823,0.0,19.640421816747434,"(167, 196, 253)"
