minute_idx,PersonenAnzahl,temp,rgb_value
702,1.0,21.350692774128586,"(246, 182, 154)"
808,0.0,22.319049035888135,"(223, 100, 79)"
