minute_idx,PersonenAnzahl,temp,rgb_value
176,1.0,21.932504652352655,"(239, 137, 108)"
286,0.0,19.57648690726142,"(163, 193, 254)"
2196,1.0,18.906733483788837,"(116, 151, 245)"
2281,0.0,18.331046625749558,"(77, 103, 215)"
