minute_idx,PersonenAnzahl,temp,rgb_value
71,1.0,22.67331469722634,"(202, 61, 56)"
116,0.0,21.783531692965067,"(243, 150, 120)"
999,1.0,22.046757713579886,"(235, 127, 99)"
1044,0.0,22.9948753355077,"(179, 3, 38)"
