minute_idx,PersonenAnzahl,temp,rgb_value
808,1.0,19.601591186472838,"(166, 195, 253)"
847,0.0,21.962082006032002,"(238, 135, 106)"
1276,1.0,19.560306941647838,"(162, 192, 254)"
1306,0.0,18.03033020904785,"(59, 77, 193)"
1514,1.0,19.52977150221883,"(160, 191, 254)"
1533,0.0,18.73089360463918,"(104, 137, 238)"
1842,1.0,19.081520352970877,"(128, 164, 250)"
1860,0.0,19.811877837781182,"(179, 204, 250)"
1943,2.0,22.08477638585985,"(234, 123, 96)"
2020,0.0,18.736124583784747,"(104, 137, 238)"
