minute_idx,PersonenAnzahl,temp,rgb_value
702,1.0,22.935372220705705,"(184, 17, 41)"
808,0.0,18.09212343164232,"(63, 83, 198)"
