minute_idx,PersonenAnzahl,temp,rgb_value
2333,1.0,21.388837098262783,"(247, 179, 151)"
2379,0.0,18.716921337219496,"(103, 136, 237)"
