minute_idx,PersonenAnzahl,temp,rgb_value
1066,1.0,22.089258084790057,"(234, 123, 96)"
1114,0.0,20.763408977428117,"(233, 212, 201)"
1281,1.0,19.852166316636787,"(182, 206, 249)"
1353,0.0,21.368528847436522,"(247, 181, 152)"
2043,1.0,19.848147928800234,"(182, 206, 249)"
2083,0.0,21.27913046398927,"(246, 187, 160)"
