minute_idx,PersonenAnzahl,temp,rgb_value
808,1.0,22.285480294323005,"(225, 104, 82)"
847,0.0,20.517392293504447,"(221, 220, 219)"
1276,1.0,18.40648713642077,"(82, 110, 220)"
1306,0.0,21.35594836380212,"(246, 182, 154)"
1514,1.0,20.916216583951023,"(239, 206, 188)"
1533,0.0,19.679463503200086,"(170, 198, 253)"
1842,1.0,18.885466816637184,"(115, 149, 244)"
1860,0.0,20.26704314663294,"(208, 218, 233)"
1943,2.0,22.87975770291463,"(188, 31, 44)"
2020,0.0,20.173444630492657,"(202, 216, 238)"
