minute_idx,PersonenAnzahl,temp,rgb_value
1077,1.0,18.314235658106888,"(77, 103, 215)"
1143,0.0,22.9349164195413,"(184, 17, 41)"
1895,1.0,20.760916260044983,"(233, 212, 201)"
1930,0.0,19.083340627573314,"(128, 164, 250)"
